{
  "train_loss": [
    0.66704105583908,
    0.6077141430981629,
    0.5804310718460766,
    0.5617014954766959,
    0.5401390527977663,
    0.5018728798460168,
    0.4888620080469209,
    0.48086950777436765,
    0.4644527513047923,
    0.463715623025699,
    0.4574563736500947,
    0.45752173582153854
  ],
  "train_acc": [
    0.6069114470842333,
    0.6429885609151268,
    0.6641868650507959,
    0.6733861291096712,
    0.6930645548356131,
    0.7126629869610431,
    0.7235421166306696,
    0.7276217902567794,
    0.7365010799136069,
    0.7347412207023438,
    0.7380209583233341,
    0.7381809455243581
  ],
  "val_loss": [
    0.7972536246174747,
    0.7893790475373129,
    0.8435237997943915,
    0.8105844084209609,
    0.8042960693535296,
    0.7930868908545925,
    0.8183871527175302,
    0.7896978601212026,
    0.8457342187864977,
    0.8230206744871962,
    0.8260283365266995,
    0.8681006917314044
  ],
  "val_acc": [
    0.4817407181984175,
    0.4796104686548996,
    0.48295800365185637,
    0.5088253195374315,
    0.519780888618381,
    0.5462568472306756,
    0.5465611685940353,
    0.5538648813146683,
    0.5444309190505173,
    0.5392574558734023,
    0.5486914181375533,
    0.5353012781497261
  ]
}