{
  "10": {
    "ndcg@5": 0.8391722710337388,
    "ndcg@3": 0.6363821584120348,
    "ndcg@1": 0.49405866861343384,
    "spearman": -0.044444444444444446,
    "ndcg@5_std": 0.06357876177257003,
    "spearman_std": 0.3059088866208045,
    "ndcg@5_ci": [
      0.7145578979595015,
      0.9637866441079761
    ],
    "best_val_loss": 1.0006981293360393,
    "total_epochs": 7
  },
  "25": {
    "ndcg@5": 0.8766074258237061,
    "ndcg@3": 0.7614956503296496,
    "ndcg@1": 0.6027141213417053,
    "spearman": 0.23333333333333328,
    "ndcg@5_std": 0.08046325714830808,
    "spearman_std": 0.3559026084010437,
    "ndcg@5_ci": [
      0.7188994418130222,
      1
    ],
    "best_val_loss": 0.9991218050320944,
    "total_epochs": 6
  },
  "50": {
    "ndcg@5": 0.8066426923168988,
    "ndcg@3": 0.6362908366455584,
    "ndcg@1": 0.39092957973480225,
    "spearman": -0.011111111111111092,
    "ndcg@5_std": 0.1268800286126744,
    "spearman_std": 0.5465943944999485,
    "ndcg@5_ci": [
      0.557957836236057,
      1
    ],
    "best_val_loss": 0.9997367858886719,
    "total_epochs": 6
  }
}