{
  "head_only": {
    "10": {
      "ndcg@5": 0.7403278387094845,
      "ndcg@3": 0.5115821657694686,
      "ndcg@1": 0.3296965956687927,
      "spearman": -0.33333333333333326,
      "ndcg@5_std": 0.12900803751941795,
      "spearman_std": 0.3711842908553348,
      "ndcg@5_ci": [
        0.4874720851714253,
        0.9931835922475436
      ],
      "best_val_loss": 1.001701831817627,
      "total_epochs": 6
    },
    "25": {
      "ndcg@5": 0.8575412706653502,
      "ndcg@3": 0.7134006899939634,
      "ndcg@1": 0.589021623134613,
      "spearman": 0.15555555555555556,
      "ndcg@5_std": 0.09635126862987013,
      "spearman_std": 0.437444881889545,
      "ndcg@5_ci": [
        0.6686927841508048,
        1
      ],
      "best_val_loss": 0.9917584260304769,
      "total_epochs": 13
    },
    "50": {
      "ndcg@5": 0.824604849894792,
      "ndcg@3": 0.6226544040902543,
      "ndcg@1": 0.6371549367904663,
      "spearman": -0.022222222222222213,
      "ndcg@5_std": 0.10867626270233635,
      "spearman_std": 0.446661138716484,
      "ndcg@5_ci": [
        0.6115993749982127,
        1
      ],
      "best_val_loss": 0.9905051191647848,
      "total_epochs": 13
    }
  },
  "adapters": {
    "10": {
      "ndcg@5": 0.8391722710337388,
      "ndcg@3": 0.6363821584120348,
      "ndcg@1": 0.49405866861343384,
      "spearman": -0.044444444444444446,
      "ndcg@5_std": 0.06357876177257003,
      "spearman_std": 0.3059088866208045,
      "ndcg@5_ci": [
        0.7145578979595015,
        0.9637866441079761
      ],
      "best_val_loss": 1.0006981293360393,
      "total_epochs": 7
    },
    "25": {
      "ndcg@5": 0.8766074258237061,
      "ndcg@3": 0.7614956503296496,
      "ndcg@1": 0.6027141213417053,
      "spearman": 0.23333333333333328,
      "ndcg@5_std": 0.08046325714830808,
      "spearman_std": 0.3559026084010437,
      "ndcg@5_ci": [
        0.7188994418130222,
        1
      ],
      "best_val_loss": 0.9991218050320944,
      "total_epochs": 6
    },
    "50": {
      "ndcg@5": 0.8066426923168988,
      "ndcg@3": 0.6362908366455584,
      "ndcg@1": 0.39092957973480225,
      "spearman": -0.011111111111111092,
      "ndcg@5_std": 0.1268800286126744,
      "spearman_std": 0.5465943944999485,
      "ndcg@5_ci": [
        0.557957836236057,
        1
      ],
      "best_val_loss": 0.9997367858886719,
      "total_epochs": 6
    }
  },
  "lora": {
    "10": {
      "ndcg@5": 0.7444414419848716,
      "ndcg@3": 0.5031799404156148,
      "ndcg@1": 0.3570699095726013,
      "spearman": -0.3555555555555555,
      "ndcg@5_std": 0.11586726056035807,
      "spearman_std": 0.38329307357022974,
      "ndcg@5_ci": [
        0.5173416112865699,
        0.9715412726831734
      ],
      "best_val_loss": 1.0011578798294067,
      "total_epochs": 6
    },
    "25": {
      "ndcg@5": 0.769974197588616,
      "ndcg@3": 0.5326232616832338,
      "ndcg@1": 0.5401676893234253,
      "spearman": -0.2444444444444444,
      "ndcg@5_std": 0.09966404832015953,
      "spearman_std": 0.3624334762288909,
      "ndcg@5_ci": [
        0.5746326628811033,
        0.9653157322961287
      ],
      "best_val_loss": 1.0017359852790833,
      "total_epochs": 6
    },
    "50": {
      "ndcg@5": 0.8030154597679964,
      "ndcg@3": 0.6071196989285804,
      "ndcg@1": 0.3485172688961029,
      "spearman": -0.09999999999999996,
      "ndcg@5_std": 0.12873420406880104,
      "spearman_std": 0.5754225500544022,
      "ndcg@5_ci": [
        0.5506964197931463,
        1
      ],
      "best_val_loss": 0.9999896685282389,
      "total_epochs": 7
    }
  }
}