{
  "10": {
    "ndcg@5": 0.7403278387094845,
    "ndcg@3": 0.5115821657694686,
    "ndcg@1": 0.3296965956687927,
    "spearman": -0.33333333333333326,
    "ndcg@5_std": 0.12900803751941795,
    "spearman_std": 0.3711842908553348,
    "ndcg@5_ci": [
      0.4874720851714253,
      0.9931835922475436
    ],
    "best_val_loss": 1.001701831817627,
    "total_epochs": 6
  },
  "25": {
    "ndcg@5": 0.8575412706653502,
    "ndcg@3": 0.7134006899939634,
    "ndcg@1": 0.589021623134613,
    "spearman": 0.15555555555555556,
    "ndcg@5_std": 0.09635126862987013,
    "spearman_std": 0.437444881889545,
    "ndcg@5_ci": [
      0.6686927841508048,
      1
    ],
    "best_val_loss": 0.9917584260304769,
    "total_epochs": 13
  },
  "50": {
    "ndcg@5": 0.824604849894792,
    "ndcg@3": 0.6226544040902543,
    "ndcg@1": 0.6371549367904663,
    "spearman": -0.022222222222222213,
    "ndcg@5_std": 0.10867626270233635,
    "spearman_std": 0.446661138716484,
    "ndcg@5_ci": [
      0.6115993749982127,
      1
    ],
    "best_val_loss": 0.9905051191647848,
    "total_epochs": 13
  }
}