{
  "10": {
    "ndcg@5": 0.7444414419848716,
    "ndcg@3": 0.5031799404156148,
    "ndcg@1": 0.3570699095726013,
    "spearman": -0.3555555555555555,
    "ndcg@5_std": 0.11586726056035807,
    "spearman_std": 0.38329307357022974,
    "ndcg@5_ci": [
      0.5173416112865699,
      0.9715412726831734
    ],
    "best_val_loss": 1.0011578798294067,
    "total_epochs": 6
  },
  "25": {
    "ndcg@5": 0.769974197588616,
    "ndcg@3": 0.5326232616832338,
    "ndcg@1": 0.5401676893234253,
    "spearman": -0.2444444444444444,
    "ndcg@5_std": 0.09966404832015953,
    "spearman_std": 0.3624334762288909,
    "ndcg@5_ci": [
      0.5746326628811033,
      0.9653157322961287
    ],
    "best_val_loss": 1.0017359852790833,
    "total_epochs": 6
  },
  "50": {
    "ndcg@5": 0.8030154597679964,
    "ndcg@3": 0.6071196989285804,
    "ndcg@1": 0.3485172688961029,
    "spearman": -0.09999999999999996,
    "ndcg@5_std": 0.12873420406880104,
    "spearman_std": 0.5754225500544022,
    "ndcg@5_ci": [
      0.5506964197931463,
      1
    ],
    "best_val_loss": 0.9999896685282389,
    "total_epochs": 7
  }
}