{
  "train_loss": [
    1.5820829065478579,
    1.5759458535788011,
    1.5135784216073094,
    1.3018599791186196,
    1.2570001431265656,
    1.2483145603720023,
    1.2419962989432471,
    1.2212903849324401,
    1.220568235735504,
    1.2113883857216154,
    1.2070381465006847,
    1.2002891137891887,
    1.1962610239885292
  ],
  "train_acc": [
    0.49284057275417964,
    0.5040396768258539,
    0.5340372770178385,
    0.6146708263338932,
    0.6286697064234861,
    0.6318694504439645,
    0.6358691304695624,
    0.6409887209023278,
    0.6362690984721222,
    0.6421086313094952,
    0.6365890728741701,
    0.6416286697064235,
    0.6397088232941365
  ],
  "val_loss": [
    1.5578336876172285,
    1.5544944795278401,
    1.4733704276956046,
    1.6096359136012883,
    1.5966255825299482,
    1.6267440468072891,
    1.6433687599805684,
    1.6663843886210368,
    1.629610920181641,
    1.6243263803995573,
    1.5978242342288678,
    1.62623799764193,
    1.6351378491291633
  ],
  "val_acc": [
    0.4914790018259282,
    0.4866098600121729,
    0.4759586122945831,
    0.47565429093122336,
    0.4774802191113816,
    0.47413268411442483,
    0.47717589774802194,
    0.47413268411442483,
    0.4762629336579428,
    0.47474132684114423,
    0.47352404138770543,
    0.472915398660986,
    0.47443700547778456
  ]
}