{
  "10": {
    "ndcg@1": 0.34539398550987244,
    "ndcg@1_std": 0.41846224665641785,
    "ndcg@3": 0.5781979742960545,
    "ndcg@3_std": 0.23773824884055786,
    "ndcg@5": 0.7666647344800794,
    "ndcg@5_std": 0.13551276538634666,
    "spearman": -0.23333333333333328,
    "spearman_std": 0.4666666666666666,
    "best_val_loss": 1.0021185676256816,
    "total_epochs": 6,
    "strategy": "adapters",
    "sample_size": 10
  },
  "25": {
    "ndcg@1": 0.6051697731018066,
    "ndcg@1_std": 0.4038720726966858,
    "ndcg@3": 0.6257209674436344,
    "ndcg@3_std": 0.12796338058518156,
    "ndcg@5": 0.8217834362762341,
    "ndcg@5_std": 0.09726661620860205,
    "spearman": 0.07777777777777778,
    "spearman_std": 0.3675074535231384,
    "best_val_loss": 0.9984105825424194,
    "total_epochs": 10,
    "strategy": "adapters",
    "sample_size": 25
  }
}