{
  "head_only": {
    "10": {
      "ndcg@1": 0.3570699095726013,
      "ndcg@1_std": 0.41004350781440735,
      "ndcg@3": 0.5126301581976684,
      "ndcg@3_std": 0.23995794113897687,
      "ndcg@5": 0.7360626072333443,
      "ndcg@5_std": 0.13050554694492902,
      "spearman": -0.3222222222222222,
      "spearman_std": 0.4049081590730799,
      "best_val_loss": 1.0019965171813965,
      "total_epochs": 6,
      "strategy": "head_only",
      "sample_size": 10
    },
    "25": {
      "ndcg@1": 0.5338436961174011,
      "ndcg@1_std": 0.4456089437007904,
      "ndcg@3": 0.6568686242493427,
      "ndcg@3_std": 0.11849403974979511,
      "ndcg@5": 0.8403073120033846,
      "ndcg@5_std": 0.0644579036316242,
      "spearman": 0.1222222222222222,
      "spearman_std": 0.2897423291201177,
      "best_val_loss": 0.9985859791437784,
      "total_epochs": 10,
      "strategy": "head_only",
      "sample_size": 25
    }
  },
  "adapters": {
    "10": {
      "ndcg@1": 0.34539398550987244,
      "ndcg@1_std": 0.41846224665641785,
      "ndcg@3": 0.5781979742960545,
      "ndcg@3_std": 0.23773824884055786,
      "ndcg@5": 0.7666647344800794,
      "ndcg@5_std": 0.13551276538634666,
      "spearman": -0.23333333333333328,
      "spearman_std": 0.4666666666666666,
      "best_val_loss": 1.0021185676256816,
      "total_epochs": 6,
      "strategy": "adapters",
      "sample_size": 10
    },
    "25": {
      "ndcg@1": 0.6051697731018066,
      "ndcg@1_std": 0.4038720726966858,
      "ndcg@3": 0.6257209674436344,
      "ndcg@3_std": 0.12796338058518156,
      "ndcg@5": 0.8217834362762341,
      "ndcg@5_std": 0.09726661620860205,
      "spearman": 0.07777777777777778,
      "spearman_std": 0.3675074535231384,
      "best_val_loss": 0.9984105825424194,
      "total_epochs": 10,
      "strategy": "adapters",
      "sample_size": 25
    }
  },
  "lora": {
    "10": {
      "ndcg@1": 0.5095016360282898,
      "ndcg@1_std": 0.3763396441936493,
      "ndcg@3": 0.6103397741370364,
      "ndcg@3_std": 0.24901341599814913,
      "ndcg@5": 0.7837928052974933,
      "ndcg@5_std": 0.1180236930456084,
      "spearman": -0.13333333333333333,
      "spearman_std": 0.38873012632302,
      "best_val_loss": 1.001038908958435,
      "total_epochs": 6,
      "strategy": "lora",
      "sample_size": 10
    },
    "25": {
      "ndcg@1": 0.7541406154632568,
      "ndcg@1_std": 0.2790031135082245,
      "ndcg@3": 0.7701569176251913,
      "ndcg@3_std": 0.17847436209959594,
      "ndcg@5": 0.884775563005936,
      "ndcg@5_std": 0.08887049090689828,
      "spearman": 0.2888888888888889,
      "spearman_std": 0.46772367066331527,
      "best_val_loss": 0.9991111755371094,
      "total_epochs": 6,
      "strategy": "lora",
      "sample_size": 25
    }
  }
}