{
  "10": {
    "ndcg@1": 0.3570699095726013,
    "ndcg@1_std": 0.41004350781440735,
    "ndcg@3": 0.5126301581976684,
    "ndcg@3_std": 0.23995794113897687,
    "ndcg@5": 0.7360626072333443,
    "ndcg@5_std": 0.13050554694492902,
    "spearman": -0.3222222222222222,
    "spearman_std": 0.4049081590730799,
    "best_val_loss": 1.0019965171813965,
    "total_epochs": 6,
    "strategy": "head_only",
    "sample_size": 10
  },
  "25": {
    "ndcg@1": 0.5338436961174011,
    "ndcg@1_std": 0.4456089437007904,
    "ndcg@3": 0.6568686242493427,
    "ndcg@3_std": 0.11849403974979511,
    "ndcg@5": 0.8403073120033846,
    "ndcg@5_std": 0.0644579036316242,
    "spearman": 0.1222222222222222,
    "spearman_std": 0.2897423291201177,
    "best_val_loss": 0.9985859791437784,
    "total_epochs": 10,
    "strategy": "head_only",
    "sample_size": 25
  }
}