{
  "10": {
    "ndcg@1": 0.5095016360282898,
    "ndcg@1_std": 0.3763396441936493,
    "ndcg@3": 0.6103397741370364,
    "ndcg@3_std": 0.24901341599814913,
    "ndcg@5": 0.7837928052974933,
    "ndcg@5_std": 0.1180236930456084,
    "spearman": -0.13333333333333333,
    "spearman_std": 0.38873012632302,
    "best_val_loss": 1.001038908958435,
    "total_epochs": 6,
    "strategy": "lora",
    "sample_size": 10
  },
  "25": {
    "ndcg@1": 0.7541406154632568,
    "ndcg@1_std": 0.2790031135082245,
    "ndcg@3": 0.7701569176251913,
    "ndcg@3_std": 0.17847436209959594,
    "ndcg@5": 0.884775563005936,
    "ndcg@5_std": 0.08887049090689828,
    "spearman": 0.2888888888888889,
    "spearman_std": 0.46772367066331527,
    "best_val_loss": 0.9991111755371094,
    "total_epochs": 6,
    "strategy": "lora",
    "sample_size": 25
  }
}