{
  "train_loss": [
    0.7203265798213841,
    0.6275629059737905,
    0.6042529573221036,
    0.5881611056187573,
    0.5788838046286112,
    0.5721382321908955,
    0.5701986147314692,
    0.5546720457808746,
    0.5519450290886032,
    0.5492969759742318,
    0.5484514501698486
  ],
  "train_acc": [
    0.5639548836093112,
    0.6291496680265579,
    0.6460283177345812,
    0.6509879209663227,
    0.6631469482441404,
    0.6656267498600112,
    0.6681065514758819,
    0.6741060715142788,
    0.6763458923286138,
    0.6790656747460203,
    0.679545636349092
  ],
  "val_loss": [
    0.8618329267189341,
    0.9217528855627023,
    0.8924609691772646,
    0.9705725011316318,
    0.9147232244315656,
    0.940248024116442,
    0.9032927317526734,
    0.9244755989718205,
    0.9688356469557123,
    0.9223165052029693,
    0.9351409890697998
  ],
  "val_acc": [
    0.4580036518563603,
    0.4336579427875837,
    0.438527084601339,
    0.44400486914181375,
    0.4415702982349361,
    0.4494826536822885,
    0.4723067559342666,
    0.4592209373097991,
    0.46652465003043214,
    0.45100426049908704,
    0.4768715763846622
  ]
}