{
  "best_epoch": 75,
  "train_loss": 0.6176141500473022,
  "val_loss": 0.8862338662147522,
  "val_mape": 11.984185218811035,
  "val_corr": -0.24669974590667357,
  "test_loss": 0.41403132677078247,
  "test_mape": 10.56047534942627,
  "test_corr": 0.9995527289936973,
  "num_parameters": 298753
}