{
  "head_only": {
    "10": {
      "strategy": "head_only",
      "sample_size": 10,
      "training_time": 3.895416021347046,
      "parameter_counts": {
        "total": 745633,
        "trainable": 307873,
        "frozen": 437760,
        "trainable_ratio": 0.41290152125777696
      },
      "training_results": {
        "train_losses": [
          0.10372736304998398,
          0.10443323105573654,
          0.1259080022573471,
          0.12603600323200226,
          0.10158764570951462,
          0.10842448472976685,
          0.09165388345718384,
          0.09555130451917648,
          0.13512545824050903,
          0.10120337456464767,
          0.1385960429906845
        ],
        "val_losses": [
          0.05770046263933182,
          0.05770855396986008,
          0.0577654130756855,
          0.0579553060233593,
          0.05814529210329056,
          0.05837947875261307,
          0.05858929455280304,
          0.05865877866744995,
          0.05878661945462227,
          0.058908868581056595,
          0.059000272303819656
        ],
        "best_val_loss": 0.05770046263933182,
        "num_epochs_trained": 11
      },
      "test_metrics": {
        "ndcg@1": 0.5788763602574666,
        "ndcg@3": 0.6627854189114967,
        "ndcg@5": 0.7374067837410507,
        "spearman_correlation": -0.02095238095238096,
        "kendall_correlation": -0.031111111111111103,
        "map": 0.7696666666666666,
        "top1_accuracy": 0.06666667014360428
      },
      "model_path": "results\\fewshot_experiments\\model_head_only_10samples.pt"
    },
    "25": {
      "strategy": "head_only",
      "sample_size": 25,
      "training_time": 3.4491894245147705,
      "parameter_counts": {
        "total": 745633,
        "trainable": 307873,
        "frozen": 437760,
        "trainable_ratio": 0.41290152125777696
      },
      "training_results": {
        "train_losses": [
          0.11326093226671219,
          0.11262664943933487,
          0.11217415705323219,
          0.11224453523755074,
          0.11405550688505173,
          0.12513652071356773,
          0.11271300166845322,
          0.11113148927688599,
          0.14216819405555725,
          0.11993967741727829,
          0.13185513764619827
        ],
        "val_losses": [
          0.05751205235719681,
          0.05751713737845421,
          0.05768299102783203,
          0.05773164704442024,
          0.05784080550074577,
          0.05796479433774948,
          0.057993073016405106,
          0.057970888912677765,
          0.05801447853446007,
          0.05806591734290123,
          0.058101966977119446
        ],
        "best_val_loss": 0.05751205235719681,
        "num_epochs_trained": 11
      },
      "test_metrics": {
        "ndcg@1": 0.5392287969589233,
        "ndcg@3": 0.6837783018768937,
        "ndcg@5": 0.7612588353987715,
        "spearman_correlation": 0.08952380952380956,
        "kendall_correlation": 0.08444444444444447,
        "map": 0.7861111111111112,
        "top1_accuracy": 0.06666667014360428
      },
      "model_path": "results\\fewshot_experiments\\model_head_only_25samples.pt"
    },
    "50": {
      "strategy": "head_only",
      "sample_size": 50,
      "training_time": 12.390746355056763,
      "parameter_counts": {
        "total": 745633,
        "trainable": 307873,
        "frozen": 437760,
        "trainable_ratio": 0.41290152125777696
      },
      "training_results": {
        "train_losses": [
          0.10097193345427513,
          0.12928861379623413,
          0.1341858208179474,
          0.11049397476017475,
          0.12576430849730968,
          0.1379329077899456,
          0.11304186470806599,
          0.10552704706788063,
          0.10739499889314175,
          0.10184924677014351,
          0.11382869444787502,
          0.1157535258680582,
          0.1190587617456913,
          0.114934541285038,
          0.10046438500285149,
          0.13345038145780563,
          0.10093143209815025,
          0.10157992504537106,
          0.16024105064570904,
          0.10941887274384499,
          0.1293352097272873,
          0.10621495731174946,
          0.14586878940463066,
          0.10926320403814316,
          0.10780617967247963,
          0.10563647374510765,
          0.12232135608792305,
          0.1089435238391161,
          0.1435253880918026,
          0.13022523187100887
        ],
        "val_losses": [
          0.0576498918235302,
          0.05754568800330162,
          0.05739029124379158,
          0.057350147515535355,
          0.05704198405146599,
          0.05710466578602791,
          0.05699704959988594,
          0.05690031498670578,
          0.056814271956682205,
          0.056780774146318436,
          0.05696539208292961,
          0.05692737549543381,
          0.05697470158338547,
          0.057003267109394073,
          0.056853730231523514,
          0.056768544018268585,
          0.056730084121227264,
          0.05667375400662422,
          0.05625196918845177,
          0.05612161383032799,
          0.05606982484459877,
          0.05606020987033844,
          0.0562397763133049,
          0.056600723415613174,
          0.05675196647644043,
          0.0567302443087101,
          0.05668530985713005,
          0.056699641048908234,
          0.056734491139650345,
          0.05671001970767975
        ],
        "best_val_loss": 0.05606020987033844,
        "num_epochs_trained": 30
      },
      "test_metrics": {
        "ndcg@1": 0.6744587500890096,
        "ndcg@3": 0.7326655667478997,
        "ndcg@5": 0.8061431581639149,
        "spearman_correlation": 0.14666666666666664,
        "kendall_correlation": 0.11111111111111109,
        "map": 0.8387962962962963,
        "top1_accuracy": 0.06666667014360428
      },
      "model_path": "results\\fewshot_experiments\\model_head_only_50samples.pt"
    }
  },
  "adapters": {
    "10": {
      "strategy": "adapters",
      "sample_size": 10,
      "training_time": 2.5036513805389404,
      "parameter_counts": {
        "total": 795649,
        "trainable": 357889,
        "frozen": 437760,
        "trainable_ratio": 0.4498076413091702
      },
      "training_results": {
        "train_losses": [
          0.11624372005462646,
          0.1203133687376976,
          0.10694042593240738,
          0.1082848533987999,
          0.11367217451334,
          0.1108192577958107,
          0.0964287519454956,
          0.1194702610373497,
          0.0979156643152237,
          0.10101201385259628,
          0.12423000484704971,
          0.118771031498909
        ],
        "val_losses": [
          0.05767730250954628,
          0.057668618857860565,
          0.05779196321964264,
          0.057846203446388245,
          0.057896245270967484,
          0.05796464905142784,
          0.058019042015075684,
          0.058024268597364426,
          0.05805002525448799,
          0.05809670686721802,
          0.05809963494539261,
          0.058134425431489944
        ],
        "best_val_loss": 0.057668618857860565,
        "num_epochs_trained": 12
      },
      "test_metrics": {
        "ndcg@1": 0.5692271550496419,
        "ndcg@3": 0.6605287952385129,
        "ndcg@5": 0.7355340130704684,
        "spearman_correlation": 0.013333333333333345,
        "kendall_correlation": 0.013333333333333341,
        "map": 0.7715925925925926,
        "top1_accuracy": 0.06666667014360428
      },
      "model_path": "results\\fewshot_experiments\\model_adapters_10samples.pt"
    },
    "25": {
      "strategy": "adapters",
      "sample_size": 25,
      "training_time": 3.3298838138580322,
      "parameter_counts": {
        "total": 795649,
        "trainable": 357889,
        "frozen": 437760,
        "trainable_ratio": 0.4498076413091702
      },