{
  "summary": {
    "best_strategies_by_sample_size": {
      "10_samples": {
        "strategy": "lora",
        "ndcg@5": 0.7611827086346489
      },
      "25_samples": {
        "strategy": "head_only",
        "ndcg@5": 0.7612588353987715
      },
      "50_samples": {
        "strategy": "head_only",
        "ndcg@5": 0.8061431581639149
      }
    }
  },
  "strategy_comparison": {
    "10_samples": {
      "strategies": [
        "head_only",
        "adapters",
        "lora"
      ],
      "metrics": {
        "top1_accuracy": {
          "head_only": 0.06666667014360428,
          "adapters": 0.06666667014360428,
          "lora": 0.0
        },
        "ndcg@5": {
          "head_only": 0.7374067837410507,
          "adapters": 0.7355340130704684,
          "lora": 0.7611827086346489
        },
        "kendall_correlation": {
          "head_only": -0.031111111111111103,
          "adapters": 0.013333333333333341,
          "lora": 0.013333333333333324
        },
        "ndcg@3": {
          "head_only": 0.6627854189114967,
          "adapters": 0.6605287952385129,
          "lora": 0.6575688424267297
        },
        "ndcg@1": {
          "head_only": 0.5788763602574666,
          "adapters": 0.5692271550496419,
          "lora": 0.5774619817733765
        },
        "spearman_correlation": {
          "head_only": -0.02095238095238096,
          "adapters": 0.013333333333333345,
          "lora": 0.036190476190476197
        },
        "map": {
          "head_only": 0.7696666666666666,
          "adapters": 0.7715925925925926,
          "lora": 0.7756666666666666
        }
      },
      "best_strategy": {
        "top1_accuracy": {
          "strategy": "head_only",
          "value": 0.06666667014360428
        },
        "ndcg@5": {
          "strategy": "lora",
          "value": 0.7611827086346489
        },
        "kendall_correlation": {
          "strategy": "adapters",
          "value": 0.013333333333333341
        },
        "ndcg@3": {
          "strategy": "head_only",
          "value": 0.6627854189114967
        },
        "ndcg@1": {
          "strategy": "head_only",
          "value": 0.5788763602574666
        },
        "spearman_correlation": {
          "strategy": "lora",
          "value": 0.036190476190476197
        },
        "map": {
          "strategy": "lora",
          "value": 0.7756666666666666
        }
      },
      "summary": {
        "strategy_wins": {
          "head_only": 3,
          "adapters": 1,
          "lora": 3
        },
        "overall_best": "head_only"
      }
    },
    "25_samples": {
      "strategies": [
        "head_only",
        "adapters",
        "lora"
      ],
      "metrics": {
        "top1_accuracy": {
          "head_only": 0.06666667014360428,
          "adapters": 0.06666667014360428,
          "lora": 0.06666667014360428
        },
        "ndcg@5": {
          "head_only": 0.7612588353987715,
          "adapters": 0.7555669196452274,
          "lora": 0.7389875463211961
        },
        "kendall_correlation": {
          "head_only": 0.08444444444444447,
          "adapters": -0.013333333333333341,
          "lora": 0.013333333333333341
        },
        "ndcg@3": {
          "head_only": 0.6837783018768937,
          "adapters": 0.5769340624047546,
          "lora": 0.675130178020084
        },
        "ndcg@1": {
          "head_only": 0.5392287969589233,
          "adapters": 0.5178123712539673,
          "lora": 0.6377694845199585
        },
        "spearman_correlation": {
          "head_only": 0.08952380952380956,
          "adapters": -0.043809523809523805,
          "lora": 0.005714285714285735
        },
        "map": {
          "head_only": 0.7861111111111112,
          "adapters": 0.7441666666666668,
          "lora": 0.7817777777777777
        }
      },
      "best_strategy": {
        "top1_accuracy": {
          "strategy": "head_only",
          "value": 0.06666667014360428
        },
        "ndcg@5": {
          "strategy": "head_only",
          "value": 0.7612588353987715
        },
        "kendall_correlation": {
          "strategy": "head_only",
          "value": 0.08444444444444447
        },
        "ndcg@3": {
          "strategy": "head_only",
          "value": 0.6837783018768937
        },
        "ndcg@1": {
          "strategy": "lora",
          "value": 0.6377694845199585
        },
        "spearman_correlation": {
          "strategy": "head_only",
          "value": 0.08952380952380956
        },
        "map": {
          "strategy": "head_only",
          "value": 0.7861111111111112
        }
      },
      "summary": {
        "strategy_wins": {
          "head_only": 6,
          "adapters": 0,
          "lora": 1
        },
        "overall_best": "head_only"
      }
    },
    "50_samples": {
      "strategies": [
        "head_only",
        "adapters",
        "lora"
      ],
      "metrics": {
        "top1_accuracy": {
          "head_only": 0.06666667014360428,
          "adapters": 0.06666667014360428,
          "lora": 0.0
        },
        "ndcg@5": {
          "head_only": 0.8061431581639149,
          "adapters": 0.7822727294108852,
          "lora": 0.7704055902382829
        },
        "kendall_correlation": {
          "head_only": 0.11111111111111109,
          "adapters": 0.031111111111111082,
          "lora": 0.022222222222222237
        },
        "ndcg@3": {
          "head_only": 0.7326655667478997,
          "adapters": 0.6904773272624427,
          "lora": 0.6746624061021548
        },
        "ndcg@1": {
          "head_only": 0.6744587500890096,
          "adapters": 0.6457540114720662,
          "lora": 0.5774619817733765
        },
        "spearman_correlation": {
          "head_only": 0.14666666666666664,
          "adapters": 0.06666666666666667,
          "lora": 0.04000000000000002
        },
        "map": {
          "head_only": 0.8387962962962963,
          "adapters": 0.8222222222222224,
          "lora": 0.8111111111111112
        }
      },
      "best_strategy": {
        "top1_accuracy": {
          "strategy": "head_only",
          "value": 0.06666667014360428
        },
        "ndcg@5": {
          "strategy": "head_only",
          "value": 0.8061431581639149
        },
        "kendall_correlation": {
          "strategy": "head_only",
          "value": 0.11111111111111109
        },
        "ndcg@3": {
          "strategy": "head_only",
          "value": 0.7326655667478997
        },
        "ndcg@1": {
          "strategy": "head_only",
          "value": 0.6744587500890096
        },
        "spearman_correlation": {
          "strategy": "head_only",
          "value": 0.14666666666666664
        },
        "map": {
          "strategy": "head_only",
          "value": 0.8387962962962963
        }
      },
      "summary": {
        "strategy_wins": {
          "head_only": 7,
          "adapters": 0,
          "lora": 0
        },
        "overall_best": "head_only"
      }
    }
  },
  "sample_efficiency": {
    "head_only": {
      "sample_sizes": [
        10,
        25,
        50
      ],
      "metrics_vs_samples": {
        "top1_accuracy": {
          "sample_sizes": [
            10,
            25,
            50
          ],
          "values": [
            0.06666667014360428,
            0.06666667014360428,
            0.06666667014360428
          ]
        },
        "ndcg@5": {
          "sample_sizes": [
            10,
            25,
            50
          ],
          "values": [
            0.7374067837410507,
            0.7612588353987715,
            0.8061431581639149
          ]
        },
        "kendall_correlation": {
          "sample_sizes": [
            10,
            25,
            50
          ],
          "values": [
            -0.031111111111111103,
            0.08444444444444447,
            0.11111111111111109
          ]
        },