{
  "strategy": "adapters",
  "sample_size": 10,
  "training_time": 2.5036513805389404,
  "parameter_counts": {
    "total": 795649,
    "trainable": 357889,
    "frozen": 437760,
    "trainable_ratio": 0.4498076413091702
  },
  "training_results": {
    "train_losses": [
      0.11624372005462646,
      0.1203133687376976,
      0.10694042593240738,
      0.1082848533987999,
      0.11367217451334,
      0.1108192577958107,
      0.0964287519454956,
      0.1194702610373497,
      0.0979156643152237,
      0.10101201385259628,
      0.12423000484704971,
      0.118771031498909
    ],
    "val_losses": [
      0.05767730250954628,
      0.057668618857860565,
      0.05779196321964264,
      0.057846203446388245,
      0.057896245270967484,
      0.05796464905142784,
      0.058019042015075684,
      0.058024268597364426,
      0.05805002525448799,
      0.05809670686721802,
      0.05809963494539261,
      0.058134425431489944
    ],
    "best_val_loss": 0.057668618857860565,
    "num_epochs_trained": 12
  },
  "test_metrics": {
    "ndcg@1": 0.5692271550496419,
    "ndcg@3": 0.6605287952385129,
    "ndcg@5": 0.7355340130704684,
    "spearman_correlation": 0.013333333333333345,
    "kendall_correlation": 0.013333333333333341,
    "map": 0.7715925925925926,
    "top1_accuracy": 0.06666667014360428
  },
  "model_path": "results\\fewshot_experiments\\model_adapters_10samples.pt"
}