{
  "strategy": "adapters",
  "sample_size": 25,
  "training_time": 3.3298838138580322,
  "parameter_counts": {
    "total": 795649,
    "trainable": 357889,
    "frozen": 437760,
    "trainable_ratio": 0.4498076413091702
  },
  "training_results": {
    "train_losses": [
      0.10418396815657616,
      0.10565582290291786,
      0.1153872087597847,
      0.10596928372979164,
      0.12441765516996384,
      0.1470106840133667,
      0.11602004244923592,
      0.16590166836977005,
      0.10055605694651604,
      0.12800149992108345,
      0.14350798726081848
    ],
    "val_losses": [
      0.05774378776550293,
      0.05784960463643074,
      0.05788828805088997,
      0.057962484657764435,
      0.0580865815281868,
      0.05812101438641548,
      0.05813844874501228,
      0.05815846472978592,
      0.058167509734630585,
      0.05816914513707161,
      0.05825032293796539
    ],
    "best_val_loss": 0.05774378776550293,
    "num_epochs_trained": 11
  },
  "test_metrics": {
    "ndcg@1": 0.5178123712539673,
    "ndcg@3": 0.5769340624047546,
    "ndcg@5": 0.7555669196452274,
    "spearman_correlation": -0.043809523809523805,
    "kendall_correlation": -0.013333333333333341,
    "map": 0.7441666666666668,
    "top1_accuracy": 0.06666667014360428
  },
  "model_path": "results\\fewshot_experiments\\model_adapters_25samples.pt"
}