{
  "strategy": "lora",
  "sample_size": 50,
  "training_time": 6.404353380203247,
  "parameter_counts": {
    "total": 769185,
    "trainable": 331425,
    "frozen": 437760,
    "trainable_ratio": 0.43087813724916635
  },
  "training_results": {
    "train_losses": [
      0.09790601395070553,
      0.10095690004527569,
      0.12552092410624027,
      0.13456939533352852,
      0.10680601559579372,
      0.12369943782687187,
      0.16529502905905247,
      0.1161444466561079,
      0.15129725821316242,
      0.11113661341369152,
      0.1157697569578886,
      0.0993177555501461,
      0.13164847902953625,
      0.11609002947807312
    ],
    "val_losses": [
      0.05798838660120964,
      0.05750548839569092,
      0.057142410427331924,
      0.05694091320037842,
      0.05708954110741615,
      0.05713207274675369,
      0.0572434663772583,
      0.057521093636751175,
      0.057839978486299515,
      0.05773815140128136,
      0.057767484337091446,
      0.0576532818377018,
      0.05774835869669914,
      0.05774088576436043
    ],
    "best_val_loss": 0.05694091320037842,
    "num_epochs_trained": 14
  },
  "test_metrics": {
    "ndcg@1": 0.5774619817733765,
    "ndcg@3": 0.6746624061021548,
    "ndcg@5": 0.7704055902382829,
    "spearman_correlation": 0.04000000000000002,
    "kendall_correlation": 0.022222222222222237,
    "map": 0.8111111111111112,
    "top1_accuracy": 0.0
  },
  "model_path": "results\\fewshot_experiments\\model_lora_50samples.pt"
}