{
  "strategy": "head_only",
  "sample_size": 25,
  "training_time": 3.4491894245147705,
  "parameter_counts": {
    "total": 745633,
    "trainable": 307873,
    "frozen": 437760,
    "trainable_ratio": 0.41290152125777696
  },
  "training_results": {
    "train_losses": [
      0.11326093226671219,
      0.11262664943933487,
      0.11217415705323219,
      0.11224453523755074,
      0.11405550688505173,
      0.12513652071356773,
      0.11271300166845322,
      0.11113148927688599,
      0.14216819405555725,
      0.11993967741727829,
      0.13185513764619827
    ],
    "val_losses": [
      0.05751205235719681,
      0.05751713737845421,
      0.05768299102783203,
      0.05773164704442024,
      0.05784080550074577,
      0.05796479433774948,
      0.057993073016405106,
      0.057970888912677765,
      0.05801447853446007,
      0.05806591734290123,
      0.058101966977119446
    ],
    "best_val_loss": 0.05751205235719681,
    "num_epochs_trained": 11
  },
  "test_metrics": {
    "ndcg@1": 0.5392287969589233,
    "ndcg@3": 0.6837783018768937,
    "ndcg@5": 0.7612588353987715,
    "spearman_correlation": 0.08952380952380956,
    "kendall_correlation": 0.08444444444444447,
    "map": 0.7861111111111112,
    "top1_accuracy": 0.06666667014360428
  },
  "model_path": "results\\fewshot_experiments\\model_head_only_25samples.pt"
}