{
  "strategy": "head_only",
  "sample_size": 50,
  "training_time": 12.390746355056763,
  "parameter_counts": {
    "total": 745633,
    "trainable": 307873,
    "frozen": 437760,
    "trainable_ratio": 0.41290152125777696
  },
  "training_results": {
    "train_losses": [
      0.10097193345427513,
      0.12928861379623413,
      0.1341858208179474,
      0.11049397476017475,
      0.12576430849730968,
      0.1379329077899456,
      0.11304186470806599,
      0.10552704706788063,
      0.10739499889314175,
      0.10184924677014351,
      0.11382869444787502,
      0.1157535258680582,
      0.1190587617456913,
      0.114934541285038,
      0.10046438500285149,
      0.13345038145780563,
      0.10093143209815025,
      0.10157992504537106,
      0.16024105064570904,
      0.10941887274384499,
      0.1293352097272873,
      0.10621495731174946,
      0.14586878940463066,
      0.10926320403814316,
      0.10780617967247963,
      0.10563647374510765,
      0.12232135608792305,
      0.1089435238391161,
      0.1435253880918026,
      0.13022523187100887
    ],
    "val_losses": [
      0.0576498918235302,
      0.05754568800330162,
      0.05739029124379158,
      0.057350147515535355,
      0.05704198405146599,
      0.05710466578602791,
      0.05699704959988594,
      0.05690031498670578,
      0.056814271956682205,
      0.056780774146318436,
      0.05696539208292961,
      0.05692737549543381,
      0.05697470158338547,
      0.057003267109394073,
      0.056853730231523514,
      0.056768544018268585,
      0.056730084121227264,
      0.05667375400662422,
      0.05625196918845177,
      0.05612161383032799,
      0.05606982484459877,
      0.05606020987033844,
      0.0562397763133049,
      0.056600723415613174,
      0.05675196647644043,
      0.0567302443087101,
      0.05668530985713005,
      0.056699641048908234,
      0.056734491139650345,
      0.05671001970767975
    ],
    "best_val_loss": 0.05606020987033844,
    "num_epochs_trained": 30
  },
  "test_metrics": {
    "ndcg@1": 0.6744587500890096,
    "ndcg@3": 0.7326655667478997,
    "ndcg@5": 0.8061431581639149,
    "spearman_correlation": 0.14666666666666664,
    "kendall_correlation": 0.11111111111111109,
    "map": 0.8387962962962963,
    "top1_accuracy": 0.06666667014360428
  },
  "model_path": "results\\fewshot_experiments\\model_head_only_50samples.pt"
}