{
  "strategy": "lora",
  "sample_size": 25,
  "training_time": 3.9189348220825195,
  "parameter_counts": {
    "total": 769185,
    "trainable": 331425,
    "frozen": 437760,
    "trainable_ratio": 0.43087813724916635
  },
  "training_results": {
    "train_losses": [
      0.11663079634308815,
      0.1093657948076725,
      0.11717631667852402,
      0.12663406878709793,
      0.14326554536819458,
      0.10201474279165268,
      0.1241287961602211,
      0.12199833989143372,
      0.11329770088195801,
      0.09450884908437729,
      0.1119253858923912,
      0.10187475383281708,
      0.14533929526805878
    ],
    "val_losses": [
      0.05767860636115074,
      0.057623207569122314,
      0.05758685618638992,
      0.057631585747003555,
      0.057682354003190994,
      0.05772562325000763,
      0.05774078145623207,
      0.057829394936561584,
      0.05788356065750122,
      0.05793042480945587,
      0.05800711363554001,
      0.05811840295791626,
      0.05821079760789871
    ],
    "best_val_loss": 0.05758685618638992,
    "num_epochs_trained": 13
  },
  "test_metrics": {
    "ndcg@1": 0.6377694845199585,
    "ndcg@3": 0.675130178020084,
    "ndcg@5": 0.7389875463211961,
    "spearman_correlation": 0.005714285714285735,
    "kendall_correlation": 0.013333333333333341,
    "map": 0.7817777777777777,
    "top1_accuracy": 0.06666667014360428
  },
  "model_path": "results\\fewshot_experiments\\model_lora_25samples.pt"
}