{
  "strategy": "head_only",
  "sample_size": 10,
  "training_time": 3.895416021347046,
  "parameter_counts": {
    "total": 745633,
    "trainable": 307873,
    "frozen": 437760,
    "trainable_ratio": 0.41290152125777696
  },
  "training_results": {
    "train_losses": [
      0.10372736304998398,
      0.10443323105573654,
      0.1259080022573471,
      0.12603600323200226,
      0.10158764570951462,
      0.10842448472976685,
      0.09165388345718384,
      0.09555130451917648,
      0.13512545824050903,
      0.10120337456464767,
      0.1385960429906845
    ],
    "val_losses": [
      0.05770046263933182,
      0.05770855396986008,
      0.0577654130756855,
      0.0579553060233593,
      0.05814529210329056,
      0.05837947875261307,
      0.05858929455280304,
      0.05865877866744995,
      0.05878661945462227,
      0.058908868581056595,
      0.059000272303819656
    ],
    "best_val_loss": 0.05770046263933182,
    "num_epochs_trained": 11
  },
  "test_metrics": {
    "ndcg@1": 0.5788763602574666,
    "ndcg@3": 0.6627854189114967,
    "ndcg@5": 0.7374067837410507,
    "spearman_correlation": -0.02095238095238096,
    "kendall_correlation": -0.031111111111111103,
    "map": 0.7696666666666666,
    "top1_accuracy": 0.06666667014360428
  },
  "model_path": "results\\fewshot_experiments\\model_head_only_10samples.pt"
}