{
  "strategy": "adapters",
  "sample_size": 50,
  "training_time": 7.512425184249878,
  "parameter_counts": {
    "total": 795649,
    "trainable": 357889,
    "frozen": 437760,
    "trainable_ratio": 0.4498076413091702
  },
  "training_results": {
    "train_losses": [
      0.12314947880804539,
      0.10585263185203075,
      0.1188722774386406,
      0.11415719799697399,
      0.10946726053953171,
      0.10556789301335812,
      0.17355911433696747,
      0.0952137503772974,
      0.11257037334144115,
      0.14619923382997513,
      0.12893489189445972,
      0.1297862622886896,
      0.10671147331595421,
      0.1115922536700964,
      0.10204550065100193,
      0.09074324741959572,
      0.1077086366713047
    ],
    "val_losses": [
      0.05814172700047493,
      0.05811145529150963,
      0.05802953988313675,
      0.057946305721998215,
      0.0579703263938427,
      0.05789050832390785,
      0.05788884684443474,
      0.05792377516627312,
      0.05797838047146797,
      0.05821344628930092,
      0.05835919827222824,
      0.05846954882144928,
      0.05853023752570152,
      0.05868488550186157,
      0.05877815559506416,
      0.05872618407011032,
      0.058786630630493164
    ],
    "best_val_loss": 0.05788884684443474,
    "num_epochs_trained": 17
  },
  "test_metrics": {
    "ndcg@1": 0.6457540114720662,
    "ndcg@3": 0.6904773272624427,
    "ndcg@5": 0.7822727294108852,
    "spearman_correlation": 0.06666666666666667,
    "kendall_correlation": 0.031111111111111082,
    "map": 0.8222222222222224,
    "top1_accuracy": 0.06666667014360428
  },
  "model_path": "results\\fewshot_experiments\\model_adapters_50samples.pt"
}