{
  "strategy": "lora",
  "sample_size": 10,
  "training_time": 2.3372879028320312,
  "parameter_counts": {
    "total": 769185,
    "trainable": 331425,
    "frozen": 437760,
    "trainable_ratio": 0.43087813724916635
  },
  "training_results": {
    "train_losses": [
      0.10149747133255005,
      0.11493798345327377,
      0.11626716703176498,
      0.11230915784835815,
      0.12079949676990509,
      0.12675638496875763,
      0.10487812757492065,
      0.10123628377914429,
      0.128252312541008,
      0.10862051695585251,
      0.09497785568237305
    ],
    "val_losses": [
      0.05767451599240303,
      0.057735759764909744,
      0.0578935407102108,
      0.05807913839817047,
      0.0581657811999321,
      0.05824130028486252,
      0.05830627679824829,
      0.058428023010492325,
      0.05853068083524704,
      0.05861711502075195,
      0.058646123856306076
    ],
    "best_val_loss": 0.05767451599240303,
    "num_epochs_trained": 11
  },
  "test_metrics": {
    "ndcg@1": 0.5774619817733765,
    "ndcg@3": 0.6575688424267297,
    "ndcg@5": 0.7611827086346489,
    "spearman_correlation": 0.036190476190476197,
    "kendall_correlation": 0.013333333333333324,
    "map": 0.7756666666666666,
    "top1_accuracy": 0.0
  },
  "model_path": "results\\fewshot_experiments\\model_lora_10samples.pt"
}