{
  "train_loss": [
    0.7902777848951043,
    0.7800959511791044,
    0.7742691479070717,
    0.76989043582126,
    0.7675506068617487,
    0.769237977007161,
    0.7644947825185479,
    0.7653081545134639,
    0.767150764879973,
    0.7685030709447154,
    0.7638837769818123,
    0.7651015843271904,
    0.7653008263434291,
    0.7653787087296586
  ],
  "train_acc": [
    0.5051595872330213,
    0.5147588192944564,
    0.5166786657067435,
    0.515638748900088,
    0.5101191904647628,
    0.5186785057195424,
    0.517718582513399,
    0.5252379809615231,
    0.5185185185185185,
    0.5191584673226142,
    0.5219582433405328,
    0.5177985761139109,
    0.521398288136949,
    0.5197984161267099
  ],
  "val_loss": [
    0.7766431685790275,
    0.7598912345552907,
    0.7445370766144355,
    0.7409976798932529,
    0.7547605086877508,
    0.750272145693742,
    0.7444644728042547,
    0.750454247865862,
    0.743088737419508,
    0.7453225035111881,
    0.7454834309885803,
    0.7494427051069668,
    0.7429051802864353,
    0.7456637937756418
  ],
  "val_acc": [
    0.3730979914790018,
    0.43213633597078516,
    0.4345709068776628,
    0.29823493609251367,
    0.35453438831405965,
    0.32714546561168595,
    0.39896530736457697,
    0.3012781497261108,
    0.386488131466829,
    0.3280584297017651,
    0.40505173463177113,
    0.3146682897139379,
    0.34601339013998783,
    0.24741326841144248
  ]
}