{
  "10": {
    "ndcg@1": 0.6685158610343933,
    "ndcg@1_std": 0.34161460399627686,
    "ndcg@3": 0.5847962738777597,
    "ndcg@3_std": 0.17697097034410209,
    "ndcg@5": 0.7955025129269369,
    "ndcg@5_std": 0.0910628566948765,
    "ndcg@10": 0.7955025129269369,
    "ndcg@10_std": 0.0910628566948765,
    "spearman": -0.13333333333333333,
    "spearman_std": 0.3299831645537222,
    "kendall_tau": -0.08888888888888889,
    "kendall_tau_std": 0.2726187588085622,
    "precision@1": 0.2222222222222222,
    "precision@1_std": 0.41573970964154905,
    "precision@3": 0.48148148148148145,
    "precision@3_std": 0.16563466499998442,
    "precision@5": 1.0,
    "precision@5_std": 0.0,
    "mrr": 0.4462962962962963,
    "mrr_std": 0.309497579497284,
    "ndcg@5_ci": [
      0.6170193138049789,
      0.9739857120488948
    ],
    "best_val_loss": 1.000944991906484,
    "total_epochs": 8,
    "query_type": "realistic_complex",
    "avg_tables_per_query": 6.6,
    "avg_joins_per_query": 4.7
  },
  "25": {
    "ndcg@1": 0.37327468395233154,
    "ndcg@1_std": 0.4045443534851074,
    "ndcg@3": 0.6315725006872996,
    "ndcg@3_std": 0.18676250198055336,
    "ndcg@5": 0.7944971601061062,
    "ndcg@5_std": 0.10857781811458857,
    "ndcg@10": 0.7944971601061062,
    "ndcg@10_std": 0.10857781811458857,
    "spearman": -0.11111111111111109,
    "spearman_std": 0.3899984172174276,
    "kendall_tau": -0.11111111111111113,
    "kendall_tau_std": 0.26434171674156265,
    "precision@1": 0.1111111111111111,
    "precision@1_std": 0.31426968052735443,
    "precision@3": 0.5925925925925926,
    "precision@3_std": 0.20951312035156963,
    "precision@5": 1.0,
    "precision@5_std": 0.0,
    "mrr": 0.45370370370370366,
    "mrr_std": 0.21195413226406662,
    "ndcg@5_ci": [
      0.5816846366015126,
      1
    ],
    "best_val_loss": 0.9998882611592611,
    "total_epochs": 13,
    "query_type": "realistic_complex",
    "avg_tables_per_query": 6.6,
    "avg_joins_per_query": 4.7
  },
  "50": {
    "ndcg@1": 0.30450373888015747,
    "ndcg@1_std": 0.3867851793766022,
    "ndcg@3": 0.6402976363239541,
    "ndcg@3_std": 0.17957887537325118,
    "ndcg@5": 0.7978783303810859,
    "ndcg@5_std": 0.10283218441828586,
    "ndcg@10": 0.7978783303810859,
    "ndcg@10_std": 0.10283218441828586,
    "spearman": 1.5419764230904951e-18,
    "spearman_std": 0.30550504633038933,
    "kendall_tau": 1.2335811384723961e-17,
    "kendall_tau_std": 0.19436506316151003,
    "precision@1": 0.1111111111111111,
    "precision@1_std": 0.31426968052735443,
    "precision@3": 0.5925925925925926,
    "precision@3_std": 0.13857990321384966,
    "precision@5": 1.0,
    "precision@5_std": 0.0,
    "mrr": 0.42037037037037034,
    "mrr_std": 0.2252266043779374,
    "ndcg@5_ci": [
      0.5963272489212457,
      0.9994294118409262
    ],
    "best_val_loss": 1.0005258520444233,
    "total_epochs": 12,
    "query_type": "realistic_complex",
    "avg_tables_per_query": 6.6,
    "avg_joins_per_query": 4.7
  }
}